"Time of Direction Change:","Starting X Acceleration:","Next X Acceleration:","X Acceleration Delta:","Starting Y Acceleration","Next Y Acceleration:","Y Acceleration Delta:"
"Thu Jan 01 15:02:42 EST 1970","0.06701666","-0.04069847","0.10771513","0.25606108","-4.679785","4.93584608"
"Thu Jan 01 15:02:44 EST 1970","0.1458478","0.1434465","0.002401299999999995","-0.083982706","4.941149","5.025131706"
"Thu Jan 01 15:02:45 EST 1970","-0.0015137196","0.06031978","0.0618334996","0.1706717","-4.804007","4.9746787"
"Thu Jan 01 15:02:45 EST 1970","0.0482558","0.11331856","0.06506276","-3.8432057","1.8929532","5.7361588999999995"
"Thu Jan 01 15:02:45 EST 1970","-0.014004588","-0.061763525","0.047758937","0.31020713","-4.761607","5.07181413"
"Thu Jan 01 15:02:45 EST 1970","-0.10835874","-0.1307444","0.022385660000000016","-2.4290726","3.0638506","5.4929232"
"Thu Jan 01 15:02:46 EST 1970","0.0029713511","-0.00527066","0.0082420111","0.10112238","-4.729044","4.83016638"
"Thu Jan 01 15:02:46 EST 1970","0.13632798","0.02976513","0.10656284999999999","-0.82315826","4.189369","5.012527260000001"
"Thu Jan 01 15:02:48 EST 1970","0.11090648","0.13493967","0.02403319000000001","-0.18174267","3.560093","3.7418356700000004"
"Thu Jan 01 15:02:48 EST 1970","-0.42222613","0.050087214","0.47231334399999997","0.65231514","-4.121457","4.77377214"
"Number of Direction Changes:","10","Average X Acceleration Change","0.09183086817","Average Y Acceleration Change","4.9594854166"
"Configuration File Used:"
"{"
"Username = mc"
"File = /data/Breakfast1.csv"
"Task = all"
"Acceleration Process = 1"
"Analysis = Pause:2.5"
"Analysis = Direction:3.5:1"
"Analysis = Tasktime"
"Analysis = Acceleration"
"}"
